time_s,potential_energy_J,kinetic_energy_J,generator_energy_J
0.0,502133857791.2495,1.0335142744434866e+21,5.684328509439177e+17
0.001,2.356899764031879e+20,6.341459893706331e+20,9.172131450977659e+17
0.002,6.810961626977762e+20,2.6278277857012482e+20,1.0617436733113345e+18
0.003,8.959279130598171e+20,2.255659799803565e+20,1.1858049623005307e+18
0.004,7.93769117977483e+20,3.928149712641976e+20,1.4018531964958395e+18
0.005,6.335645657761557e+20,4.899291803125773e+20,1.671314245667757e+18
0.006,6.06170160525079e+20,4.783516076167905e+20,1.9344076298569917e+18
0.007,6.048480892127057e+20,5.4011628861145986e+20,2.2314715885932948e+18
0.008,4.598887563970874e+20,7.518001888171717e+20,2.644961692442739e+18
0.009000000000000001,2.281441571920055e+20,9.301587590647788e+20,3.1565490099283676e+18
0.01,1.6610599874836903e+20,8.371914889459346e+20,3.617004328848632e+18
0.011,4.1220810977307813e+20,4.820429303280858e+20,3.882127940529079e+18
0.012,7.980566587417238e+20,1.5144454006648177e+20,3.965422437565644e+18
0.013000000000000001,9.871617651856098e+20,1.2185112318960609e+20,4.0324405553199273e+18
0.014,8.500469529222317e+20,3.8060364336145184e+20,4.241772559168726e+18
0.015,5.4230070277734826e+20,6.605856543529123e+20,4.605094669062828e+18
0.016,3.465595422505738e+20,7.513318726207476e+20,5.018327199004239e+18
0.017,3.433275815118361e+20,7.097814989224411e+20,5.408707023411581e+18
0.018000000000000002,3.823984920232172e+20,7.025790256063743e+20,5.795125487495087e+18
0.019,3.5868073010383205e+20,7.259544935038403e+20,6.194400458922199e+18
0.02,3.822696376896611e+20,6.14849667482316e+20,6.532567776037473e+18
0.021,5.936259037698028e+20,3.2909878430543446e+20,6.713572107405463e+18
0.022,8.919042229193997e+20,9.827765625693985e+19,6.76762481834678e+18
0.023,9.826228530076342e+20,1.8739629148859466e+20,6.870692778665507e+18
0.024,7.223480691398473e+20,5.615103262881531e+20,7.179523458123991e+18
0.025,3.240560038102117e+20,8.888776602755545e+20,7.668406171275547e+18
0.026000000000000002,1.3867567904198404e+20,9.053965166420361e+20,8.166374255428666e+18
0.027,2.6776109793318905e+20,6.912272876352293e+20,8.546549263628042e+18
0.028,4.911624610863569e+20,5.14735717222222e+20,8.829653908100264e+18
0.029,5.933959878277977e+20,4.748340625556864e+20,9.090812642505892e+18
0.03,6.085641975165853e+20,4.3886517632114216e+20,9.33218848948252e+18
0.031,6.888262299446384e+20,3.170917663482332e+20,9.50658896097405e+18
0.032,8.149119856482567e+20,2.3964434423361287e+20,9.638393350302536e+18
0.033,7.951718175648308e+20,3.8040131261310514e+20,9.847614072239743e+18
0.034,5.441439876121338e+20,6.945302325240758e+20,1.0229605700127986e+19
0.035,2.3258538302183467e+20,9.348509828632322e+20,1.0743773740702763e+19
0.036000000000000004,1.153212280894159e+20,9.057979845195912e+20,1.1241962632188539e+19
0.037,2.8077105698532128e+20,6.416702937051774e+20,1.1594881293726386e+19
0.038,5.877136405955203e+20,3.516610442573147e+20,1.178829486806791e+19
0.039,8.098861290035007e+20,2.2818244384680912e+20,1.1913795212183654e+19
0.04,8.271798661395382e+20,2.9476498903938725e+20,1.2075915956155318e+19
0.041,7.091774887302463e+20,4.221903629687435e+20,1.2308120655788126e+19
0.042,5.979269528724442e+20,5.098549488315852e+20,1.2588540877645498e+19
0.043000000000000003,5.2055358734501904e+20,6.011263455414342e+20,1.2919160367693287e+19
0.044,3.956043830025217e+20,7.593775776877195e+20,1.3336818035421532e+19
0.045,2.3113255861754013e+20,8.811692420212358e+20,1.3821461118533212e+19
0.046,2.048081879376002e+20,7.768968330044678e+20,1.424875437668567e+19
0.047,4.385255109914533e+20,4.5512482246611095e+20,1.449907302904203e+19
0.048,7.763574288077035e+20,1.7959392897566953e+20,1.4597849689978649e+19
0.049,9.292885477777487e+20,1.7304915759339946e+20,1.469302672665502e+19
0.05,8.05980604594606e+20,3.796429678990979e+20,1.4901830358999523e+19
0.051000000000000004,5.730657499155121e+20,5.909968116909829e+20,1.5226878605429563e+19
0.052000000000000005,4.095478656848228e+20,7.028343233014301e+20,1.561343748324535e+19
0.053,3.3823770913204725e+20,7.47504280213568e+20,1.6024564837362813e+19
0.054,3.1232612947102905e+20,7.524719538895168e+20,1.6438424412002048e+19
0.055,3.3710621926402274e+20,6.879319694818337e+20,1.6816786995217056e+19
0.056,4.459966902060735e+20,5.380767545444688e+20,1.7112729210216514e+19
0.057,6.245668562757275e+20,3.496301231477542e+20,1.730502577794778e+19
0.058,7.976261600641786e+20,2.1501759496268343e+20,1.7423285455177255e+19
0.059000000000000004,8.66263859350191e+20,2.3348791438863286e+20,1.7551703808091003e+19
0.06,7.504967764935644e+20,4.3947352677891985e+20,1.779341424781941e+19
0.061,4.8150323537016816e+20,7.264601131274306e+20,1.8192967310039497e+19
0.062,2.2987186709351298e+20,8.940415032300621e+20,1.868469013681603e+19
0.063,1.7634700715726157e+20,8.297858409699595e+20,1.9141072349349507e+19
0.064,3.351031528202572e+20,6.174607389275989e+20,1.9480675755759686e+19
0.065,5.5522444392967314e+20,4.260035035423135e+20,1.971497768270796e+19
0.066,6.98519508313826e+20,3.322010338472513e+20,1.989768825132395e+19
0.067,7.53010580643464e+20,3.044949919705659e+20,2.006516049690776e+19
0.068,7.600390598526679e+20,3.218518584983835e+20,2.024217901908187e+19
0.069,7.067334629894687e+20,4.2330502556783156e+20,2.0474996783144178e+19
0.07,5.5243262813179426e+20,6.209491109039754e+20,2.0816518794141364e+19
0.07100000000000001,3.3636106783615386e+20,8.187353185994481e+20,2.126682321937106e+19
0.07200000000000001,1.9618806372921223e+20,8.692405557787496e+20,2.1744905525049373e+19
0.073,2.5028176247537906e+20,7.167656865671934e+20,2.213912665266133e+19
0.074,4.7400560099235725e+20,4.624478524106679e+20,2.23934729714872e+19
0.075,7.141208120731725e+20,2.7440388576457346e+20,2.2544395108657713e+19
0.076,8.26316112604086e+20,2.4444641413829204e+20,2.2678840636433773e+19
0.077,7.826229820399803e+20,3.435240430287188e+20,2.2867778860099568e+19
0.078,6.493071251272874e+20,4.9197570604529576e+20,2.313836549842448e+19
0.079,4.9992922566787144e+20,6.325535328593012e+20,2.3486269941497094e+19
0.08,3.745339963782847e+20,7.373640570691002e+20,2.38918201728851e+19
0.081,2.955083734224804e+20,7.842823783747437e+20,2.4323175480991207e+19
0.082,2.876558224628868e+20,7.451247185275701e+20,2.4732994076181373e+19
0.083,3.8060504192939786e+20,5.950487763836128e+20,2.506027090319236e+19
0.084,5.808836162634594e+20,3.578158808064085e+20,2.5257069637635883e+19
0.085,8.188123739223947e+20,1.6457247190323164e+20,2.534758449718266e+19
0.08600000000000001,9.203453181065175e+20,1.8895690450200917e+20,2.5451510794658763e+19
0.08700000000000001,7.619980847015862e+20,4.558183291560299e+20,2.570221087569458e+19
0.088,4.4186074582015384e+20,7.584789677706038e+20,2.6119374307968414e+19
0.089,2.2140914190516067e+20,8.57518593058601e+20,2.6591009534150644e+19
0.09,2.4586083629108262e+20,7.412438204221762e+20,2.699869363538284e+19
0.091,4.028448211101001e+20,5.922637550503162e+20,2.7324438700660515e+19
0.092,5.148219888991807e+20,5.183069806472268e+20,2.760950754001649e+19
0.093,5.7168957003532684e+20,4.5019432781119704e+20,2.7857114420312646e+19
0.094,6.689677483428539e+20,3.272685167878274e+20,2.803711210454595e+19
0.095,7.912838051939533e+20,2.445966657487281e+20,2.8171640270707753e+19
0.096,7.973913707259101e+20,3.353133342919891e+20,2.8356062604568347e+19
0.097,6.138211424932351e+20,5.8390573190847214e+20,2.8677210757118005e+19
0.098,3.4400399400906287e+20,8.256929291616948e+20,2.9131341868156936e+19
0.099,1.7389687407884157e+20,8.934799785743227e+20,2.9622755856372814e+19
0.1,2.2024043646748738e+20,7.408762623012341e+20,3.0030237800638493e+19
0.101,4.512361903503928e+20,4.742207123330625e+20,3.029105919242168e+19
0.10200000000000001,7.034089601500355e+20,2.8199214806249865e+20,3.0446154873856053e+19
0.10300000000000001,8.062768662575545e+20,2.733663115199002e+20,3.0596506345191997e+19
0.10400000000000001,7.40366973464853e+20,3.778433548912476e+20,3.0804320190382182e+19
0.105,6.299412986781316e+20,4.593369174163693e+20,3.1056955494961185e+19
0.106,5.695922942637783e+20,5.199597621954993e+20,3.134293336416871e+19
0.107,4.7992018811367077e+20,6.563250892256001e+20,3.1703912163242787e+19
0.108,3.043233155765917e+20,8.344793075326309e+20,3.2162875782385734e+19
0.109,1.78854742861554e+20,8.530620290255638e+20,3.2632059898349793e+19
0.11,2.971918494486625e+20,6.061927847250997e+20,3.29654659299486e+19
0.111,6.238144668761527e+20,2.7463897116351067e+20,3.311651736408853e+19
0.112,8.809793532779671e+20,1.4657798728008978e+20,3.319713525709258e+19
0.113,8.601783277792389e+20,2.9470374899928662e+20,3.3359222319042187e+19
0.114,6.364607375241666e+20,5.30938671515925e+20,3.3651238588375945e+19
0.115,4.4135062257291887e+20,6.553183429421163e+20,3.401166367699411e+19
0.116,3.8786038074802995e+20,6.610537840029847e+20,3.437524325819575e+19
0.117,3.9608313049645285e+20,6.671105340969851e+20,3.4742154051949093e+19
0.11800000000000001,3.64632534853801e+20,7.12202043711498e+20,3.5133865175990415e+19
0.11900000000000001,3.353530362149275e+20,6.894037109582308e+20,3.5513037217017442e+19
0.12,4.3723001381843894e+20,5.0341346214645485e+20,3.578991462119799e+19
0.121,6.833330704421357e+20,2.462126672299742e+20,3.592533158817448e+19
0.122,8.898431226639453e+20,1.4627244806572102e+20,3.6005781434610627e+19
0.123,8.506774803880028e+20,3.22399150555091e+20,3.6183100967415927e+19
0.124,5.747760933363023e+20,6.35996325498245e+20,3.6532898946439963e+19
0.125,2.9238588082665865e+20,8.30374779438177e+20,3.698960507513096e+19
0.126,2.1559458307781768e+20,7.921153928613876e+20,3.742526854120472e+19
0.127,3.381692792251127e+20,6.308190106742965e+20,3.777221899707558e+19
0.128,4.9284313216250826e+20,5.132586990436251e+20,3.8054511281549574e+19
0.129,5.6464921007448936e+20,4.7407557342660107e+20,3.8315252846934204e+19
0.13,5.972311818401042e+20,4.217531329742136e+20,3.854721707007002e+19
0.131,6.822553753001382e+20,3.1262997746624306e+20,3.871916355767646e+19
0.132,7.823718521413013e+20,2.6162188188554697e+20,3.886305559271351e+19
0.133,7.417288826113098e+20,4.152156585706881e+20,3.9091424204927386e+19
0.134,4.868274018203183e+20,7.240638484278381e+20,3.948965932156269e+19
0.135,1.961067699840842e+20,9.207165375776189e+20,3.9996053417230385e+19
0.136,1.477346710432207e+20,8.069250519630225e+20,4.043986219581005e+19
0.137,3.9058691773379884e+20,5.0363552700584604e+20,4.071686173566326e+19
0.138,6.729308888441346e+20,3.0812219268987054e+20,4.0886328941642695e+19
0.139,7.515382393417129e+20,3.340514280314279e+20,4.107005722705998e+19
0.14,6.65191960389049e+20,4.264550509724048e+20,4.13046075050948e+19
0.14100000000000001,6.02270248304225e+20,4.393914373967127e+20,4.154627279566299e+19
0.14200000000000002,6.190382106083198e+20,4.309714822226488e+20,4.178330711088545e+19
0.14300000000000002,5.800907417665722e+20,5.3808980466120675e+20,4.207925650344912e+19
0.14400000000000002,4.122629883382691e+20,7.31865567462956e+20,4.248178256555374e+19
0.145,2.4235390279460572e+20,8.292017360911317e+20,4.2937843520403866e+19
0.146,2.492732052197073e+20,7.1161242722181e+20,4.332923035537586e+19
0.147,4.570295520122234e+20,4.542899986835096e+20,4.3579089854651785e+19
0.148,7.127978954791968e+20,2.495246936163942e+20,4.37163284361408e+19
0.149,8.28852690416699e+20,2.3986887600375962e+20,4.384825631794287e+19
0.15,7.379311186438221e+20,4.0331549805065844e+20,4.4070079841870725e+19
0.151,5.4464931195432115e+20,5.809044998578101e+20,4.4389577316792525e+19
0.152,4.171418154981501e+20,6.451336284023954e+20,4.4744400812413846e+19
0.153,4.04818687377853e+20,6.34167633890053e+20,4.509319301105337e+19
0.154,4.070273523639685e+20,6.592578228351249e+20,4.545578481361269e+19
0.155,3.5937963577330486e+20,6.983913605913705e+20,4.583990006193794e+19
0.156,3.683514767606e+20,6.080354280309233e+20,4.617431954735495e+19
0.157,5.469993666366423e+20,3.688391754171116e+20,4.637718109383436e+19
0.158,7.892086662367355e+20,1.9190119499873357e+20,4.648272675108366e+19
0.159,8.459065849254516e+20,2.762424119279023e+20,4.6634660077644005e+19
0.16,6.416453416532477e+20,5.433823682590771e+20,4.69335203801865e+19
0.161,3.823347653929935e+20,7.323871479369724e+20,4.733633331155183e+19
0.162,2.978762309582041e+20,7.135140328511743e+20,4.772876602961998e+19
0.163,3.881590120778792e+20,5.985175535091873e+20,4.805795068405003e+19
0.164,4.842508283146534e+20,5.463422974373186e+20,4.835843894764056e+19
0.165,4.9197084054996956e+20,5.6171952570767357e+20,4.866738468677978e+19
0.166,4.856161429043717e+20,5.294077200701012e+20,4.895855893281833e+19
0.167,5.710211131408901e+20,3.98032913055049e+20,4.91774770349986e+19
0.168,7.196429281061922e+20,2.7437553941017965e+20,4.93283835816742e+19
0.169,7.749139537750495e+20,3.176520467553519e+20,4.950309220738965e+19
0.17,6.271421909596469e+20,5.467788331988292e+20,4.980382056564901e+19
0.171,3.644397537245001e+20,7.82545488163174e+20,5.023422058413875e+19
0.17200000000000001,2.1138309949445528e+20,8.176601491110395e+20,5.068393366614983e+19
0.17300000000000001,2.9792286560411825e+20,6.371265571095729e+20,5.103435327256009e+19
0.17400000000000002,5.2202112134327547e+20,4.258532851821216e+20,5.1268572579410256e+19
0.17500000000000002,6.746479278064371e+20,3.5413165312017354e+20,5.1463344988626354e+19
0.176,6.700702442233383e+20,4.0867918275179486e+20,5.168811853913984e+19
0.177,6.010495147394978e+20,4.612240714022857e+20,5.19417917784111e+19
0.178,5.800689280785164e+20,4.5525759384061765e+20,5.219218345502344e+19
0.179,5.916915691758602e+20,4.659273837441539e+20,5.2448443516082725e+19
0.18,5.3588612707629675e+20,5.7356998427695723e+20,5.2763907007435055e+19
0.181,3.906835035668152e+20,7.227123246480494e+20,5.316139878599148e+19
0.182,2.807199194652635e+20,7.542032417693823e+20,5.3576210568964645e+19
0.183,3.484546291865352e+20,5.935634709643695e+20,5.390267047799505e+19
0.184,5.673380077815291e+20,3.6961010194297415e+20,5.410595603406369e+19
0.185,7.404259861273231e+20,2.8756081137085022e+20,5.426411448031765e+19
0.186,7.196138484382138e+20,3.915006675823068e+20,5.447943984748792e+19
0.187,5.749164308589961e+20,5.2843282126843976e+20,5.477007789918556e+19
0.188,4.8183762286526235e+20,5.658589498556142e+20,5.508130032160615e+19
0.189,4.8567430096239146e+20,5.512631484358447e+20,5.538449505324587e+19
0.19,4.798563537710568e+20,5.936398832168413e+20,5.571099698901513e+19
0.191,4.070379039282841e+20,6.706126868816004e+20,5.607983396680001e+19
0.192,3.6047415329895095e+20,6.580046046775561e+20,5.644173649937267e+19
0.193,4.429414496755398e+20,5.166399382335278e+20,5.672588846540111e+19
0.194,6.140035336402591e+20,3.5310218995674146e+20,5.692009466987732e+19
0.195,7.308824480012316e+20,2.961781530860392e+20,5.708299265407464e+19
0.196,7.134015006771017e+20,3.846589306184753e+20,5.72945550659148e+19
0.197,5.6971156644415753e+20,5.575150532997713e+20,5.760118834522967e+19
0.198,3.9993191847025036e+20,6.909369619103866e+20,5.798120367428039e+19
0.199,3.2927066818660853e+20,6.864505650476578e+20,5.83587514850566e+19
0.2,4.0164123678616165e+20,5.717472097221873e+20,5.86732124504038e+19
0.201,5.2183342058583e+20,4.808639662740109e+20,5.893768763185451e+19
0.202,5.6311921325842543e+20,4.867626271968959e+20,5.92054070768128e+19
0.203,5.33022951441935e+20,5.07923571185002e+20,5.948476504096455e+19
0.20400000000000001,5.440008422570301e+20,4.449441708627292e+20,5.972948433493905e+19
0.20500000000000002,6.321173134810807e+20,3.6782538751738656e+20,5.993178829807362e+19
0.20600000000000002,6.594204612750891e+20,4.1469553788443433e+20,6.015987084391006e+19
0.20700000000000002,5.39009179326951e+20,5.802537287693503e+20,6.047901039473321e+19
0.20800000000000002,3.711880482414818e+20,7.052972043330611e+20,6.086692385711639e+19
0.209,3.1968969971185805e+20,6.751244157296817e+20,6.123824228576771e+19
0.21,4.1638170411647284e+20,5.419163719407436e+20,6.153629629033512e+19
0.211,5.520357917611852e+20,4.3106399591990054e+20,6.177338148809107e+19
0.212,6.228565298627207e+20,4.025683579352654e+20,6.199479408495546e+19
0.213,6.158284927586271e+20,4.335194680655464e+20,6.223322979239151e+19
0.214,5.7298958489372184e+20,4.778295280758554e+20,6.249603603283323e+19
0.215,5.334251819237357e+20,5.0730797201351036e+20,6.2775055417440666e+19
0.216,5.115260512824322e+20,5.2700091982834926e+20,6.306490592334626e+19
0.217,4.8610221351806586e+20,5.645502832381298e+20,6.337540857912723e+19
0.218,4.34475797117412e+20,6.183441956417176e+20,6.3715497886730174e+19
0.219,3.90986281805728e+20,6.316482968715031e+20,6.40629044500095e+19
0.22,4.243655946256185e+20,5.4589346702761584e+20,6.4363145856874684e+19
0.221,5.517252222209422e+20,4.0296195304014827e+20,6.458477493104677e+19
0.222,6.751959947773905e+20,3.316473799894256e+20,6.476718099004095e+19
0.223,6.743077831583633e+20,4.0440454245330505e+20,6.498960348839027e+19
0.224,5.495661274651046e+20,5.4765704369408646e+20,6.529081486242202e+19
0.225,4.236067628446569e+20,6.287601098837781e+20,6.5636632922858095e+19
0.226,3.974855501406038e+20,6.029340760949015e+20,6.596824666471029e+19
0.227,4.549700779239409e+20,5.3822273530015475e+20,6.626426916912538e+19
0.228,5.055413787568878e+20,5.129253796810763e+20,6.654637812794997e+19
0.229,5.0665981496282566e+20,5.2412293655787956e+20,6.6834645743056806e+19
0.23,4.9980576720345216e+20,5.116451876320005e+20,6.711605059625441e+19
0.231,5.3832207294268146e+20,4.5141367258404795e+20,6.7364328116175634e+19
0.232,6.051358512887105e+20,3.989760147470705e+20,6.7583764924286525e+19
0.233,6.228628294480666e+20,4.282255699582505e+20,6.7819288987763565e+19
0.234,5.468020136408015e+20,5.372861721968557e+20,6.811479638247183e+19
0.23500000000000001,4.283184453814287e+20,6.38035783191415e+20,6.846571606322711e+19
0.23600000000000002,3.679753599609195e+20,6.453211628548468e+20,6.8820642702797275e+19
0.23700000000000002,4.130062888978392e+20,5.60450511100326e+20,6.9128890483902456e+19
0.23800000000000002,5.169437582585613e+20,4.59683092704828e+20,6.938171618489011e+19
0.23900000000000002,5.946791929844894e+20,4.1684931016749076e+20,6.961098330548223e+19
0.24,5.99841587754065e+20,4.4291234436888114e+20,6.985458509488511e+19
0.241,5.554755027800389e+20,4.896773598385627e+20,7.012390764279633e+19
0.242,5.1999535115956126e+20,5.0650685396239424e+20,7.040248641247565e+19
0.243,5.196063578137976e+20,5.01415645696015e+20,7.0678265017608454e+19
0.244,5.141126779842195e+20,5.311326655720933e+20,7.097038798367311e+19
0.245,4.550178897363447e+20,6.071665807861446e+20,7.130432960310549e+19
0.246,3.7978981603790494e+20,6.397943107618825e+20,7.1656216474024526e+19
0.247,4.0868638469755306e+20,5.437098027712707e+20,7.195525686554872e+19
0.248,5.542321867647245e+20,3.8577906706850415e+20,7.21674353524364e+19
0.249,6.774450661211965e+20,3.3055978076815485e+20,7.2349243231858885e+19
0.25,6.45995078912605e+20,4.369118407092189e+20,7.258954474424896e+19
0.251,4.999793500759026e+20,5.766683000374839e+20,7.290671230926958e+19
0.252,4.059461531782259e+20,6.051615247299982e+20,7.323955114787108e+19
0.253,4.3738253374050225e+20,5.3953975702792726e+20,7.3536298014236434e+19
0.254,5.029301209565229e+20,5.020823026758931e+20,7.381244328070817e+19
0.255,5.003819041394964e+20,5.37077851978329e+20,7.410783609929625e+19
0.256,4.545373735680693e+20,5.674898332621281e+20,7.441995550759041e+19
0.257,4.596675541562816e+20,5.193244287098184e+20,7.470558394338081e+19
0.258,5.434764381669453e+20,4.186033855604641e+20,7.493581580543907e+19
0.259,6.363014271498657e+20,3.577903572993022e+20,7.513260050195368e+19
0.26,6.466185666354403e+20,4.064797528077757e+20,7.535616436599795e+19
0.261,5.425282561900514e+20,5.490937770573972e+20,7.565816594337953e+19
0.262,3.894532879055937e+20,6.779819578221522e+20,7.603105602018171e+19
0.263,3.171903421543085e+20,6.72691114859759e+20,7.640103613335459e+19
0.264,3.99341492045372e+20,5.3251756711207816e+20,7.669392079526624e+19
0.265,5.572190858706179e+20,4.0117151180909124e+20,7.691456512676123e+19
0.266,6.275124313340474e+20,4.0368923276973454e+20,7.713659420478459e+19
0.267,5.671040175718547e+20,4.863353164056243e+20,7.740407862880769e+19
0.268,5.0323112302336954e+20,5.0228806123593295e+20,7.768033706248746e+19
0.269,5.392661729573396e+20,4.369932330820937e+20,7.792068334068261e+19
0.27,5.935150586043177e+20,4.335378179843538e+20,7.815912914057401e+19
0.271,5.247320338549794e+20,5.6640383822295604e+20,7.847065125159664e+19
0.272,3.6394032380348563e+20,7.033464494686836e+20,7.885749179880441e+19
0.273,2.984910951593168e+20,6.710367734699065e+20,7.922656202421286e+19
0.274,4.2337459779767304e+20,4.8731660066285774e+20,7.949458615457743e+19
0.275,6.154199663289163e+20,3.363645438281055e+20,7.96795866536829e+19
0.276,6.918959608843689e+20,3.429035337974913e+20,7.986818359727152e+19
0.277,6.090671137868701e+20,4.481810323575044e+20,8.011468316506815e+19
0.278,5.021889909090108e+20,5.31306703996572e+20,8.040690185226627e+19
0.279,4.553080247329561e+20,5.431096708987243e+20,8.070561217126056e+19
0.28,4.660376884881214e+20,5.27890002426639e+20,8.099595167259522e+19
0.281,4.681381871172652e+20,5.494907834029671e+20,8.129817160346685e+19
0.28200000000000003,4.2297193753339914e+20,6.05649773584344e+20,8.163127897893824e+19
0.28300000000000003,3.7766351823772117e+20,6.148549155072552e+20,8.196944918246723e+19
0.28400000000000003,4.2368390380710835e+20,5.0808096851710253e+20,8.224889371515163e+19
0.28500000000000003,5.770324060398357e+20,3.399058116459258e+20,8.24358419115569e+19
0.28600000000000003,7.177055553388881e+20,2.667041284099306e+20,8.258252918218236e+19
0.28700000000000003,6.986940979304021e+20,3.7796169716401085e+20,8.279040811562256e+19
0.28800000000000003,5.2098042654279434e+20,5.775690158154696e+20,8.310807107432107e+19
0.289,3.4868776569520705e+20,6.836915407556169e+20,8.348410142173666e+19
0.29,3.247285090862293e+20,6.34051760309618e+20,8.383282988990695e+19
0.291,4.187007145793571e+20,5.329836080236549e+20,8.412597087431996e+19
0.292,4.948288991208358e+20,4.972142189677623e+20,8.439943869475222e+19
0.293,4.949817515140349e+20,5.1108176003233926e+20,8.468053366277e+19
0.294,4.950545466872299e+20,4.746145943800299e+20,8.494157168967903e+19
0.295,5.7421079347197044e+20,3.664491584221298e+20,8.51431187268112e+19
0.296,6.802738445504511e+20,2.9967029284778004e+20,8.530793738787748e+19
0.297,6.747474614375248e+20,3.9166060365227006e+20,8.552335071988623e+19
0.298,5.0698457223443186e+20,6.005785570707276e+20,8.585366892627513e+19
0.299,3.0583201121774214e+20,7.447524746215332e+20,8.626328278731697e+19
0.3,2.5272886273196415e+20,6.97520123550996e+20,8.664691885527002e+19
0.301,3.818695371599804e+20,5.252310084570173e+20,8.693579590992139e+19
0.302,5.5069578498123996e+20,3.987342519705006e+20,8.715509974850517e+19
0.303,6.147335209804936e+20,3.9386560499690694e+20,8.737172583125348e+19
0.304,5.824750011506103e+20,4.327538040701021e+20,8.760974042349203e+19
0.305,5.626931373675607e+20,4.221905708594087e+20,8.78419452374647e+19
0.306,5.959351581126656e+20,3.8815724894181825e+20,8.80554317243827e+19
0.307,6.019661535768146e+20,4.3285317382572723e+20,8.829350096998685e+19
0.308,4.943024376159161e+20,5.8137286240440386e+20,8.861325604430927e+19
0.309,3.260280674105878e+20,7.318160022729074e+20,8.901575484555936e+19
0.31,2.3103622829137582e+20,7.430477309730064e+20,8.942443109759451e+19
0.311,3.1427540942454994e+20,5.751572553050698e+20,8.97407675880123e+19
0.312,5.3692894957306597e+20,3.4117134988398284e+20,8.992841183044849e+19
0.313,7.342776499596695e+20,2.2104909119469116e+20,9.004998883060557e+19
0.314,7.541301857887264e+20,3.000292676531571e+20,9.021500492781481e+19
0.315,6.021603578661205e+20,4.816781726321278e+20,9.047992792276248e+19
0.316,4.3828788972707735e+20,5.90861833390383e+20,9.08049019311272e+19
0.317,3.9795266420926664e+20,5.743852628733109e+20,9.11208138257075e+19
0.318,4.3847020325189596e+20,5.485875339066361e+20,9.142253696935617e+19
0.319,4.2139168605116334e+20,6.123191394252272e+20,9.175931249604003e+19
0.32,3.3463229567668126e+20,6.787259395757874e+20,9.213261176280672e+19
0.321,3.3391431898936934e+20,5.8545541334655035e+20,9.245461224014732e+19
0.322,5.178239937634128e+20,3.4767271864757794e+20,9.264583223540348e+19
0.323,7.493612757452363e+20,1.8550939238612287e+20,9.274786240121584e+19
0.324,7.97118788057608e+20,2.6381902671816124e+20,9.289296286591082e+19
0.325,6.171762157322008e+20,4.9437318007721676e+20,9.316486811495329e+19
0.326,3.952253275730211e+20,6.593708918512752e+20,9.352752210547148e+19
0.327,3.1076960391410994e+20,6.67284759287462e+20,9.38945287230796e+19
0.328,3.540110952964864e+20,6.059415968639757e+20,9.422779660135478e+19
0.329,4.0582493055877775e+20,5.759867469898864e+20,9.454458931219921e+19
0.33,4.1842117305132e+20,5.634764636535384e+20,9.485450136720866e+19
0.331,4.516347005944433e+20,4.9388094299064055e+20,9.51261358858535e+19
0.332,5.609873374996556e+20,3.5570091521824725e+20,9.532177138922355e+19
0.333,7.040273646118523e+20,2.3918306029627415e+20,9.54533220723865e+19
0.334,7.621890172910948e+20,2.6327357740083905e+20,9.559812253995696e+19
0.335,6.468834246841447e+20,4.588704931621252e+20,9.585050131119614e+19
0.336,4.018110470384453e+20,7.069567933788688e+20,9.623932754755451e+19
0.337,2.018339215906501e+20,8.149765169472242e+20,9.668756463187549e+19
0.338,2.0783494457249848e+20,6.990400597510088e+20,9.707203666473855e+19
0.339,4.0008744414987905e+20,4.813956913600233e+20,9.733680429498656e+19
0.34,5.8897767489000505e+20,3.595115054348286e+20,9.753453562297572e+19
0.341,6.319610046587628e+20,3.7884333087971076e+20,9.774289945495955e+19
0.342,5.854991506758487e+20,4.1304921242546694e+20,9.797007652179355e+19
0.343,5.898760554322211e+20,3.676201764446061e+20,9.817226761883809e+19
0.34400000000000003,6.532242440003424e+20,3.257330630921465e+20,9.835142080353876e+19
0.34500000000000003,6.335247504796651e+20,4.308151636259115e+20,9.858836914353301e+19
0.34600000000000003,4.4641205384411965e+20,6.669230024846491e+20,9.895517679489956e+19
0.34700000000000003,2.1448732253978745e+20,8.354809304675633e+20,9.941469130665673e+19
0.34800000000000003,1.5492223459191816e+20,7.665786903656742e+20,9.983630958635785e+19
